Strikes,0,1,2,3,4
0,21.864155884705603,22.44853459706933,23.060998979006257,23.612025162419176,24.022998081481056
1,14.010588894321142,14.668466300253007,15.590782538513928,16.1326433795277,17.12580384268855
2,7.859351232268195,8.858383948198417,9.771409812789612,10.755532292009274,11.543145885025343
3,4.057917801977883,4.948316718982034,5.889531774292863,6.734469861984795,7.689549293969521
4,1.838034651258954,2.5862048759242744,3.417213947958848,3.964741794779485,4.743240616342597
