Strikes,0,1,2,3,4
0,21.95798123858488,22.520073032242834,22.980544412289632,23.640942977436794,23.988665560556125
1,13.90139967571055,14.784971319615593,15.573960417206642,16.291724705198355,17.071808423077627
2,7.887114650676866,8.986377227380437,10.016063276998695,10.921750273439997,11.722773811438374
3,4.099279197227692,5.034562737208251,5.86959033404836,6.935491697139953,7.660149380918398
4,2.0043121898595633,2.615173749185513,3.3241380777773406,4.156467229997241,4.704640516308686
